{
  "model_id": "5e3dcb6c-002f-4cba-9464-0fe27ddfe612",
  "model_name": "credc",
  "model_type": "logistic_regression",
  "model_category": "classification",
  "created_at": "2025-11-19T18:07:13.476662",
  "dataset_name": "creditcard.csv",
  "features": [
    "Time",
    "V1",
    "V2",
    "V3",
    "V4",
    "V5",
    "V6",
    "V7",
    "V8",
    "V9",
    "V10",
    "V11",
    "V12",
    "V13",
    "V14",
    "V15",
    "V16",
    "V17",
    "V18",
    "V19",
    "V20",
    "V21",
    "V22",
    "V23",
    "V24",
    "V25",
    "V26",
    "V27",
    "V28",
    "Amount"
  ],
  "target": "Class",
  "train_test_split": 0.8,
  "metrics": {
    "accuracy": 0.9990871107053826,
    "precision": 0.8285714285714286,
    "recall": 0.5918367346938775,
    "f1_score": 0.6904761904761905,
    "confusion_matrix": [
      [
        56852,
        12
      ],
      [
        40,
        58
      ]
    ],
    "n_classes": 2,
    "roc_auc": 0.9519831779081919
  },
  "file_path": "/Users/aditya/workspace/ML-suite-1/backend/models/5e3dcb6c-002f-4cba-9464-0fe27ddfe612.pkl",
  "coefficients": {
    "Time": [
      -4.8744074945684905e-05
    ],
    "V1": [
      0.37025692456586823
    ],
    "V2": [
      -0.518076697764674
    ],
    "V3": [
      -0.958316078695799
    ],
    "V4": [
      0.5320763711056833
    ],
    "V5": [
      0.024634146921893724
    ],
    "V6": [
      -0.03430573068426333
    ],
    "V7": [
      0.41244786274078454
    ],
    "V8": [
      -0.3978387542572428
    ],
    "V9": [
      -0.7013685014252666
    ],
    "V10": [
      -0.444881459010403
    ],
    "V11": [
      -0.7826414816875755
    ],
    "V12": [
      0.31689708204133005
    ],
    "V13": [
      -0.608984357104675
    ],
    "V14": [
      -0.9168504108163302
    ],
    "V15": [
      -0.9643816413095693
    ],
    "V16": [
      -0.4262971202290053
    ],
    "V17": [
      -0.5293925716717981
    ],
    "V18": [
      0.1783873812559299
    ],
    "V19": [
      0.04692331604773371
    ],
    "V20": [
      0.3696492626448933
    ],
    "V21": [
      0.7590981365452144
    ],
    "V22": [
      0.8539844159204206
    ],
    "V23": [
      0.11914665224084615
    ],
    "V24": [
      0.035525901974725584
    ],
    "V25": [
      -1.0459573891933347
    ],
    "V26": [
      0.1939173620991868
    ],
    "V27": [
      -0.2709961964277012
    ],
    "V28": [
      0.018596394487456983
    ],
    "Amount": [
      -0.006600676834256886
    ]
  },
  "intercept": [
    -4.543868369982166
  ]
}