{
  "model_id": "ebcbbdd1-94f0-4066-b87d-aa5aca6ef910",
  "model_name": "classification-1",
  "model_type": "logistic_regression",
  "model_category": "classification",
  "created_at": "2025-11-20T16:35:49.207850",
  "dataset_name": "creditcard.csv",
  "features": [
    "Time",
    "V1",
    "V2",
    "V3",
    "V4",
    "V5",
    "V6",
    "V7",
    "V8",
    "V9",
    "V10",
    "V11",
    "V12",
    "V13",
    "V14",
    "V15",
    "V16",
    "V17",
    "V18",
    "V19",
    "V20",
    "V21",
    "V22",
    "V23",
    "V24",
    "V25",
    "V26",
    "V27",
    "V28",
    "Amount"
  ],
  "target": "Class",
  "train_test_split": 0.83,
  "metrics": {
    "accuracy": 0.9991532074848197,
    "precision": 0.8448275862068966,
    "recall": 0.6049382716049383,
    "f1_score": 0.7050359712230215,
    "confusion_matrix": [
      [
        48328,
        9
      ],
      [
        32,
        49
      ]
    ],
    "n_classes": 2,
    "roc_auc": 0.9494332103030754
  },
  "file_path": "/Users/aditya/workspace/ML-suite-1/backend/models/ebcbbdd1-94f0-4066-b87d-aa5aca6ef910.pkl",
  "coefficients": {
    "Time": [
      -4.168589456302595e-05
    ],
    "V1": [
      0.29988357723583237
    ],
    "V2": [
      -0.38694157683226776
    ],
    "V3": [
      -0.7162734168126839
    ],
    "V4": [
      0.5950835425467564
    ],
    "V5": [
      -0.0011917031773555674
    ],
    "V6": [
      -0.03698462958301974
    ],
    "V7": [
      0.4436512703693371
    ],
    "V8": [
      -0.27793060222069005
    ],
    "V9": [
      -0.5099885224976508
    ],
    "V10": [
      -0.5113591544723312
    ],
    "V11": [
      -0.6467161673789514
    ],
    "V12": [
      0.09344866633779449
    ],
    "V13": [
      -0.43436885851843715
    ],
    "V14": [
      -0.7645734671115563
    ],
    "V15": [
      -1.015265682877153
    ],
    "V16": [
      -0.4166717777573008
    ],
    "V17": [
      -0.42922056579052537
    ],
    "V18": [
      0.22248824687030522
    ],
    "V19": [
      0.053450841583999036
    ],
    "V20": [
      0.46040786172317005
    ],
    "V21": [
      0.7219301924387296
    ],
    "V22": [
      0.9054575679133627
    ],
    "V23": [
      0.028482955811110502
    ],
    "V24": [
      0.05535756615877199
    ],
    "V25": [
      -1.130140228156942
    ],
    "V26": [
      0.20403264096033852
    ],
    "V27": [
      -0.2872372077301658
    ],
    "V28": [
      -0.015852945637067635
    ],
    "Amount": [
      -0.004696513510299318
    ]
  },
  "intercept": [
    -4.997596185333435
  ]
}